id,brand_id,name,category,subcategory,size
1,1,True Snacks Tortilla Chips,Salty Snacks,Tortilla Chips,150g
2,1,True Snacks Potato Chips,Salty Snacks,Potato Chips,200g
3,1,True Snacks Pretzels,Salty Snacks,Pretzels,300g
4,1,True Snacks Popcorn,Salty Snacks,Popcorn,Family Pack
5,2,Bold Snacks Tortilla Chips,Salty Snacks,Tortilla Chips,150g
6,2,Bold Snacks Potato Chips,Salty Snacks,Potato Chips,200g
7,2,Bold Snacks Pretzels,Salty Snacks,Pretzels,300g
8,2,Bold Snacks Popcorn,Salty Snacks,Popcorn,Family Pack
9,3,Prime Snacks Tortilla Chips,Salty Snacks,Tortilla Chips,150g
10,3,Prime Snacks Potato Chips,Salty Snacks,Potato Chips,200g
11,3,Prime Snacks Pretzels,Salty Snacks,Pretzels,300g
12,3,Prime Snacks Popcorn,Salty Snacks,Popcorn,Family Pack
13,4,Blue Bites Tortilla Chips,Salty Snacks,Tortilla Chips,150g
14,4,Blue Bites Potato Chips,Salty Snacks,Potato Chips,200g
15,4,Blue Bites Pretzels,Salty Snacks,Pretzels,300g
16,4,Blue Bites Popcorn,Salty Snacks,Popcorn,Family Pack
17,5,Urban Crisps Tortilla Chips,Salty Snacks,Tortilla Chips,150g
18,5,Urban Crisps Potato Chips,Salty Snacks,Potato Chips,200g
19,5,Urban Crisps Pretzels,Salty Snacks,Pretzels,300g
20,5,Urban Crisps Popcorn,Salty Snacks,Popcorn,Family Pack
21,6,Coastal Bites Tortilla Chips,Salty Snacks,Tortilla Chips,150g
22,6,Coastal Bites Potato Chips,Salty Snacks,Potato Chips,200g
23,6,Coastal Bites Pretzels,Salty Snacks,Pretzels,300g
24,6,Coastal Bites Popcorn,Salty Snacks,Popcorn,Family Pack
25,7,Urban Bites Tortilla Chips,Salty Snacks,Tortilla Chips,150g
26,7,Urban Bites Potato Chips,Salty Snacks,Potato Chips,200g
27,7,Urban Bites Pretzels,Salty Snacks,Pretzels,300g
28,7,Urban Bites Popcorn,Salty Snacks,Popcorn,Family Pack
29,8,Meadow Crisps Tortilla Chips,Salty Snacks,Tortilla Chips,150g
30,8,Meadow Crisps Potato Chips,Salty Snacks,Potato Chips,200g
31,8,Meadow Crisps Pretzels,Salty Snacks,Pretzels,300g
32,8,Meadow Crisps Popcorn,Salty Snacks,Popcorn,Family Pack
33,9,Spring Crisps Tortilla Chips,Salty Snacks,Tortilla Chips,150g
34,9,Spring Crisps Potato Chips,Salty Snacks,Potato Chips,200g
35,9,Spring Crisps Pretzels,Salty Snacks,Pretzels,300g
36,9,Spring Crisps Popcorn,Salty Snacks,Popcorn,Family Pack
37,10,Silver Chips Tortilla Chips,Salty Snacks,Tortilla Chips,150g
38,10,Silver Chips Potato Chips,Salty Snacks,Potato Chips,200g
39,10,Silver Chips Pretzels,Salty Snacks,Pretzels,300g
40,10,Silver Chips Popcorn,Salty Snacks,Popcorn,Family Pack
41,11,Silver Snacks Tortilla Chips,Salty Snacks,Tortilla Chips,150g
42,11,Silver Snacks Potato Chips,Salty Snacks,Potato Chips,200g
43,11,Silver Snacks Pretzels,Salty Snacks,Pretzels,300g
44,11,Silver Snacks Popcorn,Salty Snacks,Popcorn,Family Pack
45,12,True Water Co Lime,Sparkling Water,Lime,330ml
46,12,True Water Co Berry,Sparkling Water,Berry,500ml
47,12,True Water Co Plain,Sparkling Water,Plain,1L
48,12,True Water Co Citrus,Sparkling Water,Citrus,6-pack
49,13,Urban Bubbles Lime,Sparkling Water,Lime,330ml
50,13,Urban Bubbles Berry,Sparkling Water,Berry,500ml
51,13,Urban Bubbles Plain,Sparkling Water,Plain,1L
52,13,Urban Bubbles Citrus,Sparkling Water,Citrus,6-pack
53,14,Golden Bubbles Lime,Sparkling Water,Lime,330ml
54,14,Golden Bubbles Berry,Sparkling Water,Berry,500ml
55,14,Golden Bubbles Plain,Sparkling Water,Plain,1L
56,14,Golden Bubbles Citrus,Sparkling Water,Citrus,6-pack
57,15,Blue Springs Lime,Sparkling Water,Lime,330ml
58,15,Blue Springs Berry,Sparkling Water,Berry,500ml
59,15,Blue Springs Plain,Sparkling Water,Plain,1L
60,15,Blue Springs Citrus,Sparkling Water,Citrus,6-pack
61,16,Sunrise Water Co Lime,Sparkling Water,Lime,330ml
62,16,Sunrise Water Co Berry,Sparkling Water,Berry,500ml
63,16,Sunrise Water Co Plain,Sparkling Water,Plain,1L
64,16,Sunrise Water Co Citrus,Sparkling Water,Citrus,6-pack
65,17,Nomad Bubbles Lime,Sparkling Water,Lime,330ml
66,17,Nomad Bubbles Berry,Sparkling Water,Berry,500ml
67,17,Nomad Bubbles Plain,Sparkling Water,Plain,1L
68,17,Nomad Bubbles Citrus,Sparkling Water,Citrus,6-pack
69,18,Royal Fizz Lime,Sparkling Water,Lime,330ml
70,18,Royal Fizz Berry,Sparkling Water,Berry,500ml
71,18,Royal Fizz Plain,Sparkling Water,Plain,1L
72,18,Royal Fizz Citrus,Sparkling Water,Citrus,6-pack
73,19,Fresh Fizz Lime,Sparkling Water,Lime,330ml
74,19,Fresh Fizz Berry,Sparkling Water,Berry,500ml
75,19,Fresh Fizz Plain,Sparkling Water,Plain,1L
76,19,Fresh Fizz Citrus,Sparkling Water,Citrus,6-pack
77,20,Heritage Springs Lime,Sparkling Water,Lime,330ml
78,20,Heritage Springs Berry,Sparkling Water,Berry,500ml
79,20,Heritage Springs Plain,Sparkling Water,Plain,1L
80,20,Heritage Springs Citrus,Sparkling Water,Citrus,6-pack
81,21,Golden Fizz Lime,Sparkling Water,Lime,330ml
82,21,Golden Fizz Berry,Sparkling Water,Berry,500ml
83,21,Golden Fizz Plain,Sparkling Water,Plain,1L
84,21,Golden Fizz Citrus,Sparkling Water,Citrus,6-pack
85,22,Crunch Fizz Lime,Sparkling Water,Lime,330ml
86,22,Crunch Fizz Berry,Sparkling Water,Berry,500ml
87,22,Crunch Fizz Plain,Sparkling Water,Plain,1L
88,22,Crunch Fizz Citrus,Sparkling Water,Citrus,6-pack
89,23,Golden Skin Shampoo,Personal Care,Shampoo,100ml
90,23,Golden Skin Body Wash,Personal Care,Body Wash,200ml
91,23,Golden Skin Deodorant,Personal Care,Deodorant,400ml
92,23,Golden Skin Lotion,Personal Care,Lotion,Travel Size
93,24,Spring Care Shampoo,Personal Care,Shampoo,100ml
94,24,Spring Care Body Wash,Personal Care,Body Wash,200ml
95,24,Spring Care Deodorant,Personal Care,Deodorant,400ml
96,24,Spring Care Lotion,Personal Care,Lotion,Travel Size
97,25,Royal Skin Shampoo,Personal Care,Shampoo,100ml
98,25,Royal Skin Body Wash,Personal Care,Body Wash,200ml
99,25,Royal Skin Deodorant,Personal Care,Deodorant,400ml
100,25,Royal Skin Lotion,Personal Care,Lotion,Travel Size
101,26,Prime Care Shampoo,Personal Care,Shampoo,100ml
102,26,Prime Care Body Wash,Personal Care,Body Wash,200ml
103,26,Prime Care Deodorant,Personal Care,Deodorant,400ml
104,26,Prime Care Lotion,Personal Care,Lotion,Travel Size
105,27,Golden Glow Shampoo,Personal Care,Shampoo,100ml
106,27,Golden Glow Body Wash,Personal Care,Body Wash,200ml
107,27,Golden Glow Deodorant,Personal Care,Deodorant,400ml
108,27,Golden Glow Lotion,Personal Care,Lotion,Travel Size
109,28,Spring Skin Shampoo,Personal Care,Shampoo,100ml
110,28,Spring Skin Body Wash,Personal Care,Body Wash,200ml
111,28,Spring Skin Deodorant,Personal Care,Deodorant,400ml
112,28,Spring Skin Lotion,Personal Care,Lotion,Travel Size
113,29,Golden Essentials Shampoo,Personal Care,Shampoo,100ml
114,29,Golden Essentials Body Wash,Personal Care,Body Wash,200ml
115,29,Golden Essentials Deodorant,Personal Care,Deodorant,400ml
116,29,Golden Essentials Lotion,Personal Care,Lotion,Travel Size
117,30,Cloud Essentials Shampoo,Personal Care,Shampoo,100ml
118,30,Cloud Essentials Body Wash,Personal Care,Body Wash,200ml
119,30,Cloud Essentials Deodorant,Personal Care,Deodorant,400ml
120,30,Cloud Essentials Lotion,Personal Care,Lotion,Travel Size
121,31,Everyday Glow Shampoo,Personal Care,Shampoo,100ml
122,31,Everyday Glow Body Wash,Personal Care,Body Wash,200ml
123,31,Everyday Glow Deodorant,Personal Care,Deodorant,400ml
124,31,Everyday Glow Lotion,Personal Care,Lotion,Travel Size
125,32,Cloud Skin Shampoo,Personal Care,Shampoo,100ml
126,32,Cloud Skin Body Wash,Personal Care,Body Wash,200ml
127,32,Cloud Skin Deodorant,Personal Care,Deodorant,400ml
128,32,Cloud Skin Lotion,Personal Care,Lotion,Travel Size
129,33,Cloud Glow Shampoo,Personal Care,Shampoo,100ml
130,33,Cloud Glow Body Wash,Personal Care,Body Wash,200ml
131,33,Cloud Glow Deodorant,Personal Care,Deodorant,400ml
132,33,Cloud Glow Lotion,Personal Care,Lotion,Travel Size
133,34,Bold Kitchen Pasta,Packaged Foods,Pasta,250g
134,34,Bold Kitchen Sauces,Packaged Foods,Sauces,500g
135,34,Bold Kitchen Ready Meals,Packaged Foods,Ready Meals,1kg
136,34,Bold Kitchen Soups,Packaged Foods,Soups,Family Pack
137,35,Silver Table Pasta,Packaged Foods,Pasta,250g
138,35,Silver Table Sauces,Packaged Foods,Sauces,500g
139,35,Silver Table Ready Meals,Packaged Foods,Ready Meals,1kg
140,35,Silver Table Soups,Packaged Foods,Soups,Family Pack
141,36,Cloud Table Pasta,Packaged Foods,Pasta,250g
142,36,Cloud Table Sauces,Packaged Foods,Sauces,500g
143,36,Cloud Table Ready Meals,Packaged Foods,Ready Meals,1kg
144,36,Cloud Table Soups,Packaged Foods,Soups,Family Pack
145,37,Heritage Kitchen Pasta,Packaged Foods,Pasta,250g
146,37,Heritage Kitchen Sauces,Packaged Foods,Sauces,500g
147,37,Heritage Kitchen Ready Meals,Packaged Foods,Ready Meals,1kg
148,37,Heritage Kitchen Soups,Packaged Foods,Soups,Family Pack
149,38,Urban Pantry Pasta,Packaged Foods,Pasta,250g
150,38,Urban Pantry Sauces,Packaged Foods,Sauces,500g
151,38,Urban Pantry Ready Meals,Packaged Foods,Ready Meals,1kg
152,38,Urban Pantry Soups,Packaged Foods,Soups,Family Pack
153,39,Blue Kitchen Pasta,Packaged Foods,Pasta,250g
154,39,Blue Kitchen Sauces,Packaged Foods,Sauces,500g
155,39,Blue Kitchen Ready Meals,Packaged Foods,Ready Meals,1kg
156,39,Blue Kitchen Soups,Packaged Foods,Soups,Family Pack
157,40,Meadow Pantry Pasta,Packaged Foods,Pasta,250g
158,40,Meadow Pantry Sauces,Packaged Foods,Sauces,500g
159,40,Meadow Pantry Ready Meals,Packaged Foods,Ready Meals,1kg
160,40,Meadow Pantry Soups,Packaged Foods,Soups,Family Pack
161,41,Royal Kitchen Pasta,Packaged Foods,Pasta,250g
162,41,Royal Kitchen Sauces,Packaged Foods,Sauces,500g
163,41,Royal Kitchen Ready Meals,Packaged Foods,Ready Meals,1kg
164,41,Royal Kitchen Soups,Packaged Foods,Soups,Family Pack
165,42,Urban Kitchen Pasta,Packaged Foods,Pasta,250g
166,42,Urban Kitchen Sauces,Packaged Foods,Sauces,500g
167,42,Urban Kitchen Ready Meals,Packaged Foods,Ready Meals,1kg
168,42,Urban Kitchen Soups,Packaged Foods,Soups,Family Pack
169,43,Coastal Table Pasta,Packaged Foods,Pasta,250g
170,43,Coastal Table Sauces,Packaged Foods,Sauces,500g
171,43,Coastal Table Ready Meals,Packaged Foods,Ready Meals,1kg
172,43,Coastal Table Soups,Packaged Foods,Soups,Family Pack
173,44,Spring Pantry Pasta,Packaged Foods,Pasta,250g
174,44,Spring Pantry Sauces,Packaged Foods,Sauces,500g
175,44,Spring Pantry Ready Meals,Packaged Foods,Ready Meals,1kg
176,44,Spring Pantry Soups,Packaged Foods,Soups,Family Pack
177,45,Pure Drinks Cola,Beverages,Cola,330ml Can
178,45,Pure Drinks Juice,Beverages,Juice,500ml Bottle
179,45,Pure Drinks Energy Drink,Beverages,Energy Drink,1L
180,45,Pure Drinks Iced Tea,Beverages,Iced Tea,6-pack
181,46,Fresh Refresh Cola,Beverages,Cola,330ml Can
182,46,Fresh Refresh Juice,Beverages,Juice,500ml Bottle
183,46,Fresh Refresh Energy Drink,Beverages,Energy Drink,1L
184,46,Fresh Refresh Iced Tea,Beverages,Iced Tea,6-pack
185,47,Sunrise Refresh Cola,Beverages,Cola,330ml Can
186,47,Sunrise Refresh Juice,Beverages,Juice,500ml Bottle
187,47,Sunrise Refresh Energy Drink,Beverages,Energy Drink,1L
188,47,Sunrise Refresh Iced Tea,Beverages,Iced Tea,6-pack
189,48,Silver Beverages Cola,Beverages,Cola,330ml Can
190,48,Silver Beverages Juice,Beverages,Juice,500ml Bottle
191,48,Silver Beverages Energy Drink,Beverages,Energy Drink,1L
192,48,Silver Beverages Iced Tea,Beverages,Iced Tea,6-pack
193,49,Meadow Beverages Cola,Beverages,Cola,330ml Can
194,49,Meadow Beverages Juice,Beverages,Juice,500ml Bottle
195,49,Meadow Beverages Energy Drink,Beverages,Energy Drink,1L
196,49,Meadow Beverages Iced Tea,Beverages,Iced Tea,6-pack
197,50,Crunch Drinks Cola,Beverages,Cola,330ml Can
198,50,Crunch Drinks Juice,Beverages,Juice,500ml Bottle
199,50,Crunch Drinks Energy Drink,Beverages,Energy Drink,1L
200,50,Crunch Drinks Iced Tea,Beverages,Iced Tea,6-pack
201,51,Coastal Drinks Cola,Beverages,Cola,330ml Can
202,51,Coastal Drinks Juice,Beverages,Juice,500ml Bottle
203,51,Coastal Drinks Energy Drink,Beverages,Energy Drink,1L
204,51,Coastal Drinks Iced Tea,Beverages,Iced Tea,6-pack
205,52,Spring Sip Cola,Beverages,Cola,330ml Can
206,52,Spring Sip Juice,Beverages,Juice,500ml Bottle
207,52,Spring Sip Energy Drink,Beverages,Energy Drink,1L
208,52,Spring Sip Iced Tea,Beverages,Iced Tea,6-pack
209,53,Cloud Sip Cola,Beverages,Cola,330ml Can
210,53,Cloud Sip Juice,Beverages,Juice,500ml Bottle
211,53,Cloud Sip Energy Drink,Beverages,Energy Drink,1L
212,53,Cloud Sip Iced Tea,Beverages,Iced Tea,6-pack
213,54,Nomad Drinks Cola,Beverages,Cola,330ml Can
214,54,Nomad Drinks Juice,Beverages,Juice,500ml Bottle
215,54,Nomad Drinks Energy Drink,Beverages,Energy Drink,1L
216,54,Nomad Drinks Iced Tea,Beverages,Iced Tea,6-pack
217,55,Vivid Sip Cola,Beverages,Cola,330ml Can
218,55,Vivid Sip Juice,Beverages,Juice,500ml Bottle
219,55,Vivid Sip Energy Drink,Beverages,Energy Drink,1L
220,55,Vivid Sip Iced Tea,Beverages,Iced Tea,6-pack
221,56,Golden Shine Dish Soap,Home Care,Dish Soap,500ml
222,56,Golden Shine Surface Cleaner,Home Care,Surface Cleaner,1L
223,56,Golden Shine Laundry Detergent,Home Care,Laundry Detergent,2L
224,56,Golden Shine Air Freshener,Home Care,Air Freshener,Refill Pack
225,57,Cloud Shine Dish Soap,Home Care,Dish Soap,500ml
226,57,Cloud Shine Surface Cleaner,Home Care,Surface Cleaner,1L
227,57,Cloud Shine Laundry Detergent,Home Care,Laundry Detergent,2L
228,57,Cloud Shine Air Freshener,Home Care,Air Freshener,Refill Pack
229,58,Coastal Clean Dish Soap,Home Care,Dish Soap,500ml
230,58,Coastal Clean Surface Cleaner,Home Care,Surface Cleaner,1L
231,58,Coastal Clean Laundry Detergent,Home Care,Laundry Detergent,2L
232,58,Coastal Clean Air Freshener,Home Care,Air Freshener,Refill Pack
233,59,Pure Shine Dish Soap,Home Care,Dish Soap,500ml
234,59,Pure Shine Surface Cleaner,Home Care,Surface Cleaner,1L
235,59,Pure Shine Laundry Detergent,Home Care,Laundry Detergent,2L
236,59,Pure Shine Air Freshener,Home Care,Air Freshener,Refill Pack
237,60,True Shine Dish Soap,Home Care,Dish Soap,500ml
238,60,True Shine Surface Cleaner,Home Care,Surface Cleaner,1L
239,60,True Shine Laundry Detergent,Home Care,Laundry Detergent,2L
240,60,True Shine Air Freshener,Home Care,Air Freshener,Refill Pack
241,61,Crunch Household Dish Soap,Home Care,Dish Soap,500ml
242,61,Crunch Household Surface Cleaner,Home Care,Surface Cleaner,1L
243,61,Crunch Household Laundry Detergent,Home Care,Laundry Detergent,2L
244,61,Crunch Household Air Freshener,Home Care,Air Freshener,Refill Pack
245,62,Royal Household Dish Soap,Home Care,Dish Soap,500ml
246,62,Royal Household Surface Cleaner,Home Care,Surface Cleaner,1L
247,62,Royal Household Laundry Detergent,Home Care,Laundry Detergent,2L
248,62,Royal Household Air Freshener,Home Care,Air Freshener,Refill Pack
249,63,Silver Household Dish Soap,Home Care,Dish Soap,500ml
250,63,Silver Household Surface Cleaner,Home Care,Surface Cleaner,1L
251,63,Silver Household Laundry Detergent,Home Care,Laundry Detergent,2L
252,63,Silver Household Air Freshener,Home Care,Air Freshener,Refill Pack
253,64,Blue Shine Dish Soap,Home Care,Dish Soap,500ml
254,64,Blue Shine Surface Cleaner,Home Care,Surface Cleaner,1L
255,64,Blue Shine Laundry Detergent,Home Care,Laundry Detergent,2L
256,64,Blue Shine Air Freshener,Home Care,Air Freshener,Refill Pack
257,65,Urban Clean Dish Soap,Home Care,Dish Soap,500ml
258,65,Urban Clean Surface Cleaner,Home Care,Surface Cleaner,1L
259,65,Urban Clean Laundry Detergent,Home Care,Laundry Detergent,2L
260,65,Urban Clean Air Freshener,Home Care,Air Freshener,Refill Pack
261,66,Golden Household Dish Soap,Home Care,Dish Soap,500ml
262,66,Golden Household Surface Cleaner,Home Care,Surface Cleaner,1L
263,66,Golden Household Laundry Detergent,Home Care,Laundry Detergent,2L
264,66,Golden Household Air Freshener,Home Care,Air Freshener,Refill Pack
265,67,Golden Milk Co Yogurt,Dairy,Yogurt,200g
266,67,Golden Milk Co Milk,Dairy,Milk,500g
267,67,Golden Milk Co Cheese,Dairy,Cheese,1L
268,67,Golden Milk Co Butter,Dairy,Butter,1kg
269,68,Cloud Dairy Yogurt,Dairy,Yogurt,200g
270,68,Cloud Dairy Milk,Dairy,Milk,500g
271,68,Cloud Dairy Cheese,Dairy,Cheese,1L
272,68,Cloud Dairy Butter,Dairy,Butter,1kg
273,69,Everyday Milk Co Yogurt,Dairy,Yogurt,200g
274,69,Everyday Milk Co Milk,Dairy,Milk,500g
275,69,Everyday Milk Co Cheese,Dairy,Cheese,1L
276,69,Everyday Milk Co Butter,Dairy,Butter,1kg
277,70,Vivid Milk Co Yogurt,Dairy,Yogurt,200g
278,70,Vivid Milk Co Milk,Dairy,Milk,500g
279,70,Vivid Milk Co Cheese,Dairy,Cheese,1L
280,70,Vivid Milk Co Butter,Dairy,Butter,1kg
281,71,Golden Farms Yogurt,Dairy,Yogurt,200g
282,71,Golden Farms Milk,Dairy,Milk,500g
283,71,Golden Farms Cheese,Dairy,Cheese,1L
284,71,Golden Farms Butter,Dairy,Butter,1kg
285,72,Nomad Milk Co Yogurt,Dairy,Yogurt,200g
286,72,Nomad Milk Co Milk,Dairy,Milk,500g
287,72,Nomad Milk Co Cheese,Dairy,Cheese,1L
288,72,Nomad Milk Co Butter,Dairy,Butter,1kg
289,73,Blue Milk Co Yogurt,Dairy,Yogurt,200g
290,73,Blue Milk Co Milk,Dairy,Milk,500g
291,73,Blue Milk Co Cheese,Dairy,Cheese,1L
292,73,Blue Milk Co Butter,Dairy,Butter,1kg
293,74,Sunrise Milk Co Yogurt,Dairy,Yogurt,200g
294,74,Sunrise Milk Co Milk,Dairy,Milk,500g
295,74,Sunrise Milk Co Cheese,Dairy,Cheese,1L
296,74,Sunrise Milk Co Butter,Dairy,Butter,1kg
297,75,Vivid Dairy Yogurt,Dairy,Yogurt,200g
298,75,Vivid Dairy Milk,Dairy,Milk,500g
299,75,Vivid Dairy Cheese,Dairy,Cheese,1L
300,75,Vivid Dairy Butter,Dairy,Butter,1kg
301,76,Royal Farms Yogurt,Dairy,Yogurt,200g
302,76,Royal Farms Milk,Dairy,Milk,500g
303,76,Royal Farms Cheese,Dairy,Cheese,1L
304,76,Royal Farms Butter,Dairy,Butter,1kg
305,77,Urban Creamery Yogurt,Dairy,Yogurt,200g
306,77,Urban Creamery Milk,Dairy,Milk,500g
307,77,Urban Creamery Cheese,Dairy,Cheese,1L
308,77,Urban Creamery Butter,Dairy,Butter,1kg
309,78,Prime Confections Chocolate Bar,Confectionery,Chocolate Bar,Single Bar
310,78,Prime Confections Gummies,Confectionery,Gummies,Share Pack
311,78,Prime Confections Hard Candy,Confectionery,Hard Candy,50g
312,78,Prime Confections Mints,Confectionery,Mints,100g
313,79,Coastal Candy Co Chocolate Bar,Confectionery,Chocolate Bar,Single Bar
314,79,Coastal Candy Co Gummies,Confectionery,Gummies,Share Pack
315,79,Coastal Candy Co Hard Candy,Confectionery,Hard Candy,50g
316,79,Coastal Candy Co Mints,Confectionery,Mints,100g
317,80,Nomad Candy Co Chocolate Bar,Confectionery,Chocolate Bar,Single Bar
318,80,Nomad Candy Co Gummies,Confectionery,Gummies,Share Pack
319,80,Nomad Candy Co Hard Candy,Confectionery,Hard Candy,50g
320,80,Nomad Candy Co Mints,Confectionery,Mints,100g
321,81,Prime Candy Co Chocolate Bar,Confectionery,Chocolate Bar,Single Bar
322,81,Prime Candy Co Gummies,Confectionery,Gummies,Share Pack
323,81,Prime Candy Co Hard Candy,Confectionery,Hard Candy,50g
324,81,Prime Candy Co Mints,Confectionery,Mints,100g
325,82,Meadow Treats Chocolate Bar,Confectionery,Chocolate Bar,Single Bar
326,82,Meadow Treats Gummies,Confectionery,Gummies,Share Pack
327,82,Meadow Treats Hard Candy,Confectionery,Hard Candy,50g
328,82,Meadow Treats Mints,Confectionery,Mints,100g
329,83,Fresh Treats Chocolate Bar,Confectionery,Chocolate Bar,Single Bar
330,83,Fresh Treats Gummies,Confectionery,Gummies,Share Pack
331,83,Fresh Treats Hard Candy,Confectionery,Hard Candy,50g
332,83,Fresh Treats Mints,Confectionery,Mints,100g
333,84,Everyday Treats Chocolate Bar,Confectionery,Chocolate Bar,Single Bar
334,84,Everyday Treats Gummies,Confectionery,Gummies,Share Pack
335,84,Everyday Treats Hard Candy,Confectionery,Hard Candy,50g
336,84,Everyday Treats Mints,Confectionery,Mints,100g
337,85,Heritage Treats Chocolate Bar,Confectionery,Chocolate Bar,Single Bar
338,85,Heritage Treats Gummies,Confectionery,Gummies,Share Pack
339,85,Heritage Treats Hard Candy,Confectionery,Hard Candy,50g
340,85,Heritage Treats Mints,Confectionery,Mints,100g
341,86,True Candy Co Chocolate Bar,Confectionery,Chocolate Bar,Single Bar
342,86,True Candy Co Gummies,Confectionery,Gummies,Share Pack
343,86,True Candy Co Hard Candy,Confectionery,Hard Candy,50g
344,86,True Candy Co Mints,Confectionery,Mints,100g
345,87,Pure Sweets Chocolate Bar,Confectionery,Chocolate Bar,Single Bar
346,87,Pure Sweets Gummies,Confectionery,Gummies,Share Pack
347,87,Pure Sweets Hard Candy,Confectionery,Hard Candy,50g
348,87,Pure Sweets Mints,Confectionery,Mints,100g
349,88,Pure Treats Chocolate Bar,Confectionery,Chocolate Bar,Single Bar
350,88,Pure Treats Gummies,Confectionery,Gummies,Share Pack
351,88,Pure Treats Hard Candy,Confectionery,Hard Candy,50g
352,88,Pure Treats Mints,Confectionery,Mints,100g
353,89,Nomad Mornings Flakes,Breakfast & Cereal,Flakes,375g
354,89,Nomad Mornings Granola,Breakfast & Cereal,Granola,500g
355,89,Nomad Mornings Oats,Breakfast & Cereal,Oats,1kg
356,89,Nomad Mornings Muesli,Breakfast & Cereal,Muesli,Family Pack
357,90,Prime Grains Flakes,Breakfast & Cereal,Flakes,375g
358,90,Prime Grains Granola,Breakfast & Cereal,Granola,500g
359,90,Prime Grains Oats,Breakfast & Cereal,Oats,1kg
360,90,Prime Grains Muesli,Breakfast & Cereal,Muesli,Family Pack
361,91,Coastal Cereal Co Flakes,Breakfast & Cereal,Flakes,375g
362,91,Coastal Cereal Co Granola,Breakfast & Cereal,Granola,500g
363,91,Coastal Cereal Co Oats,Breakfast & Cereal,Oats,1kg
364,91,Coastal Cereal Co Muesli,Breakfast & Cereal,Muesli,Family Pack
365,92,Cloud Grains Flakes,Breakfast & Cereal,Flakes,375g
366,92,Cloud Grains Granola,Breakfast & Cereal,Granola,500g
367,92,Cloud Grains Oats,Breakfast & Cereal,Oats,1kg
368,92,Cloud Grains Muesli,Breakfast & Cereal,Muesli,Family Pack
369,93,Urban Mornings Flakes,Breakfast & Cereal,Flakes,375g
370,93,Urban Mornings Granola,Breakfast & Cereal,Granola,500g
371,93,Urban Mornings Oats,Breakfast & Cereal,Oats,1kg
372,93,Urban Mornings Muesli,Breakfast & Cereal,Muesli,Family Pack
373,94,Crunch Cereal Co Flakes,Breakfast & Cereal,Flakes,375g
374,94,Crunch Cereal Co Granola,Breakfast & Cereal,Granola,500g
375,94,Crunch Cereal Co Oats,Breakfast & Cereal,Oats,1kg
376,94,Crunch Cereal Co Muesli,Breakfast & Cereal,Muesli,Family Pack
377,95,Cloud Mornings Flakes,Breakfast & Cereal,Flakes,375g
378,95,Cloud Mornings Granola,Breakfast & Cereal,Granola,500g
379,95,Cloud Mornings Oats,Breakfast & Cereal,Oats,1kg
380,95,Cloud Mornings Muesli,Breakfast & Cereal,Muesli,Family Pack
381,96,Meadow Breakfast Co Flakes,Breakfast & Cereal,Flakes,375g
382,96,Meadow Breakfast Co Granola,Breakfast & Cereal,Granola,500g
383,96,Meadow Breakfast Co Oats,Breakfast & Cereal,Oats,1kg
384,96,Meadow Breakfast Co Muesli,Breakfast & Cereal,Muesli,Family Pack
385,97,Royal Breakfast Co Flakes,Breakfast & Cereal,Flakes,375g
386,97,Royal Breakfast Co Granola,Breakfast & Cereal,Granola,500g
387,97,Royal Breakfast Co Oats,Breakfast & Cereal,Oats,1kg
388,97,Royal Breakfast Co Muesli,Breakfast & Cereal,Muesli,Family Pack
389,98,Coastal Mornings Flakes,Breakfast & Cereal,Flakes,375g
390,98,Coastal Mornings Granola,Breakfast & Cereal,Granola,500g
391,98,Coastal Mornings Oats,Breakfast & Cereal,Oats,1kg
392,98,Coastal Mornings Muesli,Breakfast & Cereal,Muesli,Family Pack
393,99,Fresh Cereal Co Flakes,Breakfast & Cereal,Flakes,375g
394,99,Fresh Cereal Co Granola,Breakfast & Cereal,Granola,500g
395,99,Fresh Cereal Co Oats,Breakfast & Cereal,Oats,1kg
396,99,Fresh Cereal Co Muesli,Breakfast & Cereal,Muesli,Family Pack
397,100,Fresh Tiny Care Diapers,Baby Care,Diapers,Small Pack
398,100,Fresh Tiny Care Wipes,Baby Care,Wipes,Medium Pack
399,100,Fresh Tiny Care Baby Wash,Baby Care,Baby Wash,Jumbo Pack
400,100,Fresh Tiny Care Baby Food,Baby Care,Baby Food,Value Pack
401,101,Everyday Tiny Care Diapers,Baby Care,Diapers,Small Pack
402,101,Everyday Tiny Care Wipes,Baby Care,Wipes,Medium Pack
403,101,Everyday Tiny Care Baby Wash,Baby Care,Baby Wash,Jumbo Pack
404,101,Everyday Tiny Care Baby Food,Baby Care,Baby Food,Value Pack
405,102,Coastal Little Ones Diapers,Baby Care,Diapers,Small Pack
406,102,Coastal Little Ones Wipes,Baby Care,Wipes,Medium Pack
407,102,Coastal Little Ones Baby Wash,Baby Care,Baby Wash,Jumbo Pack
408,102,Coastal Little Ones Baby Food,Baby Care,Baby Food,Value Pack
409,103,Coastal Baby Essentials Diapers,Baby Care,Diapers,Small Pack
410,103,Coastal Baby Essentials Wipes,Baby Care,Wipes,Medium Pack
411,103,Coastal Baby Essentials Baby Wash,Baby Care,Baby Wash,Jumbo Pack
412,103,Coastal Baby Essentials Baby Food,Baby Care,Baby Food,Value Pack
413,104,Meadow Baby Co Diapers,Baby Care,Diapers,Small Pack
414,104,Meadow Baby Co Wipes,Baby Care,Wipes,Medium Pack
415,104,Meadow Baby Co Baby Wash,Baby Care,Baby Wash,Jumbo Pack
416,104,Meadow Baby Co Baby Food,Baby Care,Baby Food,Value Pack
417,105,Silver Baby Essentials Diapers,Baby Care,Diapers,Small Pack
418,105,Silver Baby Essentials Wipes,Baby Care,Wipes,Medium Pack
419,105,Silver Baby Essentials Baby Wash,Baby Care,Baby Wash,Jumbo Pack
420,105,Silver Baby Essentials Baby Food,Baby Care,Baby Food,Value Pack
421,106,Vivid Little Ones Diapers,Baby Care,Diapers,Small Pack
422,106,Vivid Little Ones Wipes,Baby Care,Wipes,Medium Pack
423,106,Vivid Little Ones Baby Wash,Baby Care,Baby Wash,Jumbo Pack
424,106,Vivid Little Ones Baby Food,Baby Care,Baby Food,Value Pack
425,107,Spring Tiny Care Diapers,Baby Care,Diapers,Small Pack
426,107,Spring Tiny Care Wipes,Baby Care,Wipes,Medium Pack
427,107,Spring Tiny Care Baby Wash,Baby Care,Baby Wash,Jumbo Pack
428,107,Spring Tiny Care Baby Food,Baby Care,Baby Food,Value Pack
429,108,Crunch Baby Co Diapers,Baby Care,Diapers,Small Pack
430,108,Crunch Baby Co Wipes,Baby Care,Wipes,Medium Pack
431,108,Crunch Baby Co Baby Wash,Baby Care,Baby Wash,Jumbo Pack
432,108,Crunch Baby Co Baby Food,Baby Care,Baby Food,Value Pack
433,109,Silver Little Ones Diapers,Baby Care,Diapers,Small Pack
434,109,Silver Little Ones Wipes,Baby Care,Wipes,Medium Pack
435,109,Silver Little Ones Baby Wash,Baby Care,Baby Wash,Jumbo Pack
436,109,Silver Little Ones Baby Food,Baby Care,Baby Food,Value Pack
437,110,Meadow Tiny Care Diapers,Baby Care,Diapers,Small Pack
438,110,Meadow Tiny Care Wipes,Baby Care,Wipes,Medium Pack
439,110,Meadow Tiny Care Baby Wash,Baby Care,Baby Wash,Jumbo Pack
440,110,Meadow Tiny Care Baby Food,Baby Care,Baby Food,Value Pack
